variant,image_path,detection_index,class_id,class_name,confidence,x1,y1,x2,y2,width,height,area
original,stitch_output/1558060923374527_flat360_intrinsic_warp_v5_tight.png,0,0,person,0.5858169198036194,2124.91162109375,240.61077880859375,2170.16259765625,404.7594299316406,45.2509765625,164.14865112304688,7427.886764734983
original,stitch_output/1558060923374527_flat360_intrinsic_warp_v5_tight.png,1,2,car,0.5729539394378662,1919.9632568359375,257.731201171875,2000.939453125,291.435302734375,80.9761962890625,33.7041015625,2729.229943871498
masked,stage2_vertical_mask_output/1558060923374527_flat360_intrinsic_warp_v5_tight_vertical_seam_masked_p0.50.png,0,0,person,0.6363637447357178,2124.626953125,240.51654052734375,2170.5791015625,404.437744140625,45.9521484375,163.92120361328125,7532.531480491161
masked,stage2_vertical_mask_output/1558060923374527_flat360_intrinsic_warp_v5_tight_vertical_seam_masked_p0.50.png,1,2,car,0.5818150639533997,1918.1058349609375,256.7743835449219,2001.9227294921875,291.1962585449219,83.81689453125,34.421875,2885.134666442871
inpainted,stage3_lama_output/1558060923374527_flat360_intrinsic_warp_v5_tight_vertical_seam_masked_p0.50_lama_inpainted.png,0,0,person,0.5906313061714172,2126.77099609375,244.59213256835938,2171.191650390625,408.2110290527344,44.420654296875,163.618896484375,7268.058437168598
inpainted,stage3_lama_output/1558060923374527_flat360_intrinsic_warp_v5_tight_vertical_seam_masked_p0.50_lama_inpainted.png,1,2,car,0.5781538486480713,1920.18115234375,257.800048828125,2001.0185546875,291.34661865234375,80.83740234375,33.54656982421875,2711.817562133074
